{"eval/walltime": 13686.887067079544, "eval/episode_distance_from_origin": 4621.38525390625, "eval/episode_distance_reward": 11.069974899291992, "eval/episode_forward_reward": 1844.9913330078125, "eval/episode_reward": 1805.15087890625, "eval/episode_reward_alive": 368.21875, "eval/episode_reward_linvel": 1844.9913330078125, "eval/episode_reward_quadctrl": -419.1292419433594, "eval/episode_x_position": 4572.12451171875, "eval/episode_x_velocity": 368.9982604980469, "eval/episode_y_position": -323.55621337890625, "eval/episode_y_velocity": -18.075519561767578, "eval/episode_distance_from_origin_std": 160.3408660888672, "eval/episode_distance_reward_std": 1.9503953456878662, "eval/episode_forward_reward_std": 325.0612487792969, "eval/episode_reward_std": 348.2650451660156, "eval/episode_reward_alive_std": 58.223899841308594, "eval/episode_reward_linvel_std": 325.0612487792969, "eval/episode_reward_quadctrl_std": 37.15446090698242, "eval/episode_x_position_std": 159.50843811035156, "eval/episode_x_velocity_std": 65.01224517822266, "eval/episode_y_position_std": 225.73306274414062, "eval/episode_y_velocity_std": 78.43976593017578, "eval/avg_episode_length": 1000.0, "eval/epoch_eval_time": 136.2790277004242, "eval/sps": 939.2494366879137, "num_steps": 8110080, "_timestamp": 1707816819.4880555, "_runtime": 29659.9682264328, "_step": 99, "training/sps": 512.5755585425559, "training/walltime": 15933.725293397903, "training/entropy_loss": 0.010679930448532104, "training/policy_loss": 0.004693842492997646, "training/total_loss": 0.03760257735848427, "training/v_loss": 0.022228803485631943, "_wandb": {"runtime": 29660}}