{"eval/walltime": 76341.81647276878, "eval/episode_distance_from_origin": 7220.40380859375, "eval/episode_distance_reward": 36.63991928100586, "eval/episode_forward_reward": 6106.62109375, "eval/episode_reward": 6100.83984375, "eval/episode_reward_alive": 372.7109375, "eval/episode_reward_linvel": 6106.62109375, "eval/episode_reward_quadctrl": -415.13189697265625, "eval/episode_x_position": 7170.099609375, "eval/episode_x_velocity": 1221.32421875, "eval/episode_y_position": -217.024169921875, "eval/episode_y_velocity": -152.27212524414062, "eval/episode_distance_from_origin_std": 410.7955627441406, "eval/episode_distance_reward_std": 5.112179279327393, "eval/episode_forward_reward_std": 852.0253295898438, "eval/episode_reward_std": 856.7489013671875, "eval/episode_reward_alive_std": 46.70964813232422, "eval/episode_reward_linvel_std": 852.0253295898438, "eval/episode_reward_quadctrl_std": 23.515710830688477, "eval/episode_x_position_std": 417.1004333496094, "eval/episode_x_velocity_std": 170.40496826171875, "eval/episode_y_position_std": 404.98089599609375, "eval/episode_y_velocity_std": 120.28428649902344, "eval/avg_episode_length": 1000.0, "eval/epoch_eval_time": 136.58027267456055, "eval/sps": 937.1778038911566, "num_steps": 45711360, "_timestamp": 1707953426.1377182, "_runtime": 91920.97077822685, "_step": 558, "training/sps": 2946.7864267170658, "training/walltime": 15545.553502321243, "training/entropy_loss": 0.01903771609067917, "training/policy_loss": 0.014288272708654404, "training/total_loss": 0.1570420116186142, "training/v_loss": 0.12371601164340973}