{"eval/walltime": 136516.16302156448, "eval/episode_distance_from_origin": 7068.171875, "eval/episode_distance_reward": 34.76820373535156, "eval/episode_forward_reward": 5794.6689453125, "eval/episode_reward": 5757.638671875, "eval/episode_reward_alive": 354.51171875, "eval/episode_reward_linvel": 5794.6689453125, "eval/episode_reward_quadctrl": -426.30877685546875, "eval/episode_x_position": 7021.3876953125, "eval/episode_x_velocity": 1158.93359375, "eval/episode_y_position": -285.1266784667969, "eval/episode_y_velocity": -163.21087646484375, "eval/episode_distance_from_origin_std": 535.2885131835938, "eval/episode_distance_reward_std": 5.938139915466309, "eval/episode_forward_reward_std": 989.6838989257812, "eval/episode_reward_std": 1029.5635986328125, "eval/episode_reward_alive_std": 49.06737518310547, "eval/episode_reward_linvel_std": 989.6838989257812, "eval/episode_reward_quadctrl_std": 34.749732971191406, "eval/episode_x_position_std": 528.7351684570312, "eval/episode_x_velocity_std": 197.93690490722656, "eval/episode_y_position_std": 304.68743896484375, "eval/episode_y_velocity_std": 94.09259796142578, "eval/avg_episode_length": 1000.0, "eval/epoch_eval_time": 136.06026124954224, "eval/sps": 940.7596224237784, "num_steps": 81838080, "_timestamp": 1708025856.5013275, "_runtime": 164351.33438754082, "_step": 999, "training/sps": 2952.820526940851, "training/walltime": 27794.056137561798, "training/entropy_loss": 0.022328393533825874, "training/policy_loss": 0.005362016148865223, "training/total_loss": 0.2644827961921692, "training/v_loss": 0.2367924004793167, "_wandb": {"runtime": 164352}}