{"eval/walltime": 4825.162019729614, "eval/episode_distance_from_origin": 0.0, "eval/episode_distance_reward": 0.0, "eval/episode_forward_reward": 0.0, "eval/episode_reward": 1831.120361328125, "eval/episode_reward_alive": 1839.3359375, "eval/episode_reward_linvel": 0.0, "eval/episode_reward_quadctrl": -8.215471267700195, "eval/episode_x_position": 0.0, "eval/episode_x_velocity": 0.0, "eval/episode_y_position": 0.0, "eval/episode_y_velocity": 0.0, "eval/episode_distance_from_origin_std": 0.0, "eval/episode_distance_reward_std": 0.0, "eval/episode_forward_reward_std": 0.0, "eval/episode_reward_std": 2396.939697265625, "eval/episode_reward_alive_std": 2407.602783203125, "eval/episode_reward_linvel_std": 0.0, "eval/episode_reward_quadctrl_std": 11.554059028625488, "eval/episode_x_position_std": 0.0, "eval/episode_x_velocity_std": 0.0, "eval/episode_y_position_std": 0.0, "eval/episode_y_velocity_std": 0.0, "eval/avg_episode_length": 367.8671875, "eval/epoch_eval_time": 956.5651731491089, "eval/sps": 133.81210563898236, "num_steps": 10158080, "_timestamp": 1707322494.7583458, "_runtime": 145162.65126276016, "_step": 4, "training/sps": 72.38565459915247, "training/walltime": 140314.79229974747, "training/entropy_loss": 0.007220814935863018, "training/policy_loss": 0.0013353711692616343, "training/total_loss": 0.017180833965539932, "training/v_loss": 0.008624649606645107, "_wandb": {"runtime": 145163}}