{"eval/walltime": 20783.972660303116, "eval/episode_distance_from_origin": 1.0097811222076416, "eval/episode_forward_reward": -0.03625708818435669, "eval/episode_reward": -2.0332322120666504, "eval/episode_reward_alive": 1.0, "eval/episode_reward_linvel": -0.03625708818435669, "eval/episode_reward_quadctrl": -2.995887279510498, "eval/episode_train_reward": -0.0010877125896513462, "eval/episode_x_position": 1.0078932046890259, "eval/episode_x_velocity": -0.03625708818435669, "eval/episode_y_position": 0.000921275932341814, "eval/episode_y_velocity": -0.0007386535289697349, "eval/episode_distance_from_origin_std": 0.006026812829077244, "eval/episode_forward_reward_std": 0.04294760525226593, "eval/episode_reward_std": 0.04715361446142197, "eval/episode_reward_alive_std": 0.0, "eval/episode_reward_linvel_std": 0.04294760525226593, "eval/episode_reward_quadctrl_std": 0.016638541594147682, "eval/episode_train_reward_std": 0.0012884283205494285, "eval/episode_x_position_std": 0.006025034002959728, "eval/episode_x_velocity_std": 0.04294760525226593, "eval/episode_y_position_std": 0.005852601490914822, "eval/episode_y_velocity_std": 0.010844512842595577, "eval/avg_episode_length": 1.0, "eval/epoch_eval_time": 20.65267038345337, "eval/sps": 6197.745745390475, "num_steps": 5114880, "_timestamp": 1713369135.319895, "_runtime": 61137.76870703697, "_step": 999, "training/sps": 127.03525548889209, "training/walltime": 40288.232986688614, "training/entropy_loss": 0.09280116856098175, "training/policy_loss": -0.18094034492969513, "training/total_loss": -0.08813917636871338, "training/v_loss": 3.5346037208228154e-10, "_wandb": {"runtime": 61139}}