{"eval/walltime": 9148.75076842308, "eval/episode_distance_from_origin": 5107.50732421875, "eval/episode_distance_reward": 10.349451065063477, "eval/episode_forward_reward": 1034.9486083984375, "eval/episode_reward": 804.7686767578125, "eval/episode_reward_alive": 22.86328125, "eval/episode_reward_linvel": 1034.9486083984375, "eval/episode_reward_quadctrl": -263.3929138183594, "eval/episode_x_position": 5052.81494140625, "eval/episode_x_velocity": 206.9894256591797, "eval/episode_y_position": -548.6790771484375, "eval/episode_y_velocity": -113.88833618164062, "eval/episode_distance_from_origin_std": 273.3585510253906, "eval/episode_distance_reward_std": 2.1261494159698486, "eval/episode_forward_reward_std": 212.6169891357422, "eval/episode_reward_std": 220.47010803222656, "eval/episode_reward_alive_std": 4.631209850311279, "eval/episode_reward_linvel_std": 212.6169891357422, "eval/episode_reward_quadctrl_std": 24.992013931274414, "eval/episode_x_position_std": 266.3540954589844, "eval/episode_x_velocity_std": 42.52334976196289, "eval/episode_y_position_std": 168.93653869628906, "eval/episode_y_velocity_std": 23.56198501586914, "eval/avg_episode_length": 1000.0, "eval/epoch_eval_time": 120.26410984992981, "eval/sps": 1064.3241791730163, "num_steps": 4014080, "_timestamp": 1707531612.780107, "_runtime": 23227.567363977432, "_step": 49, "training/sps": 585.0642813198605, "training/walltime": 14054.964750051498, "training/entropy_loss": 0.0037362216971814632, "training/policy_loss": -0.0001399122702423483, "training/total_loss": 0.01859983056783676, "training/v_loss": 0.01500352006405592, "_wandb": {"runtime": 23228}}