{"eval/walltime": 4632.380164861679, "eval/episode_distance_from_origin": 4313.322265625, "eval/episode_distance_reward": 5.067266941070557, "eval/episode_forward_reward": 506.7265625, "eval/episode_reward": 310.39666748046875, "eval/episode_reward_alive": 20.5078125, "eval/episode_reward_linvel": 506.7265625, "eval/episode_reward_quadctrl": -221.90516662597656, "eval/episode_x_position": 4258.65185546875, "eval/episode_x_velocity": 101.34519958496094, "eval/episode_y_position": -462.072509765625, "eval/episode_y_velocity": -101.14260864257812, "eval/episode_distance_from_origin_std": 181.12908935546875, "eval/episode_distance_reward_std": 1.0617021322250366, "eval/episode_forward_reward_std": 106.17021179199219, "eval/episode_reward_std": 106.6627426147461, "eval/episode_reward_alive_std": 3.306589365005493, "eval/episode_reward_linvel_std": 106.17021179199219, "eval/episode_reward_quadctrl_std": 7.121525287628174, "eval/episode_x_position_std": 162.87889099121094, "eval/episode_x_velocity_std": 21.2340030670166, "eval/episode_y_position_std": 233.4101104736328, "eval/episode_y_velocity_std": 30.596561431884766, "eval/avg_episode_length": 1000.0, "eval/epoch_eval_time": 256.4256479740143, "eval/sps": 499.17003627098677, "num_steps": 1392640, "_timestamp": 1707520830.2105882, "_runtime": 12444.997845172882, "_step": 17, "training/sps": 179.2268162414512, "training/walltime": 7789.4538667202, "training/entropy_loss": -0.0014463646803051233, "training/policy_loss": 0.006754477508366108, "training/total_loss": 0.033920228481292725, "training/v_loss": 0.02861211448907852}