{"eval/walltime": 92.94812750816345, "eval/episode_distance_from_origin": 27.80352020263672, "eval/episode_forward_reward": 17.87087631225586, "eval/episode_reward": 169.87149047851562, "eval/episode_reward_alive": 171.640625, "eval/episode_reward_linvel": 17.87087631225586, "eval/episode_reward_quadctrl": -19.640010833740234, "eval/episode_x_position": 2.906217098236084, "eval/episode_x_velocity": 7.148350715637207, "eval/episode_y_position": 0.3906184136867523, "eval/episode_y_velocity": 1.4059622287750244, "eval/episode_distance_from_origin_std": 6.677987575531006, "eval/episode_forward_reward_std": 15.249979019165039, "eval/episode_reward_std": 42.55484390258789, "eval/episode_reward_alive_std": 38.7606315612793, "eval/episode_reward_linvel_std": 15.249979019165039, "eval/episode_reward_quadctrl_std": 4.661641597747803, "eval/episode_x_position_std": 2.2465996742248535, "eval/episode_x_velocity_std": 6.099991321563721, "eval/episode_y_position_std": 2.3031580448150635, "eval/episode_y_velocity_std": 8.114567756652832, "eval/avg_episode_length": 34.328125, "eval/epoch_eval_time": 5.817195177078247, "eval/sps": 11001.865684717275, "num_steps": 11520, "_timestamp": 1706294667.981433, "_runtime": 160.55256295204163, "_step": 9, "training/sps": 700.6145514655957, "training/walltime": 43.363752603530884, "training/entropy_loss": -0.012685166671872139, "training/policy_loss": -0.056791823357343674, "training/total_loss": 7.279585838317871, "training/v_loss": 7.349062919616699, "_wandb": {"runtime": 161}}