{"eval/walltime": 8011.039522409439, "eval/episode_distance_from_origin": 0.0, "eval/episode_distance_reward": 0.0, "eval/episode_forward_reward": 0.0, "eval/episode_reward": 492.343017578125, "eval/episode_reward_alive": 499.07421875, "eval/episode_reward_linvel": 0.0, "eval/episode_reward_quadctrl": -6.731187343597412, "eval/episode_x_position": 0.0, "eval/episode_x_velocity": 0.0, "eval/episode_y_position": 0.0, "eval/episode_y_velocity": 0.0, "eval/episode_distance_from_origin_std": 0.0, "eval/episode_distance_reward_std": 0.0, "eval/episode_forward_reward_std": 0.0, "eval/episode_reward_std": 0.9057108759880066, "eval/episode_reward_alive_std": 0.8456918597221375, "eval/episode_reward_linvel_std": 0.0, "eval/episode_reward_quadctrl_std": 0.2801774740219116, "eval/episode_x_position_std": 0.0, "eval/episode_x_velocity_std": 0.0, "eval/episode_y_position_std": 0.0, "eval/episode_y_velocity_std": 0.0, "eval/avg_episode_length": 1000.0, "eval/epoch_eval_time": 255.1947419643402, "eval/sps": 501.57773242007534, "num_steps": 3604480, "_timestamp": 1707521120.2040215, "_runtime": 19798.085022449493, "_step": 44, "training/sps": 179.82666514975404, "training/walltime": 11764.13127040863, "training/entropy_loss": 0.013763274997472763, "training/policy_loss": -0.006467996630817652, "training/total_loss": 0.007296212948858738, "training/v_loss": 9.340155884274282e-07}