{"eval/walltime": 7755.844780445099, "eval/episode_distance_from_origin": 0.0, "eval/episode_distance_reward": 0.0, "eval/episode_forward_reward": 0.0, "eval/episode_reward": 492.0926513671875, "eval/episode_reward_alive": 499.13671875, "eval/episode_reward_linvel": 0.0, "eval/episode_reward_quadctrl": -7.0440778732299805, "eval/episode_x_position": 0.0, "eval/episode_x_velocity": 0.0, "eval/episode_y_position": 0.0, "eval/episode_y_velocity": 0.0, "eval/episode_distance_from_origin_std": 0.0, "eval/episode_distance_reward_std": 0.0, "eval/episode_forward_reward_std": 0.0, "eval/episode_reward_std": 0.9780926704406738, "eval/episode_reward_alive_std": 0.8401888608932495, "eval/episode_reward_linvel_std": 0.0, "eval/episode_reward_quadctrl_std": 0.4513077139854431, "eval/episode_x_position_std": 0.0, "eval/episode_x_velocity_std": 0.0, "eval/episode_y_position_std": 0.0, "eval/episode_y_velocity_std": 0.0, "eval/avg_episode_length": 1000.0, "eval/epoch_eval_time": 255.9735391139984, "eval/sps": 500.051686760462, "num_steps": 3522560, "_timestamp": 1707520409.4208632, "_runtime": 19087.301864147186, "_step": 43, "training/sps": 179.88925761255302, "training/walltime": 11308.581477880478, "training/entropy_loss": 0.01342749036848545, "training/policy_loss": -0.0062532429583370686, "training/total_loss": 0.007176208309829235, "training/v_loss": 1.960784175025765e-06}