{"eval/walltime": 93.61909866333008, "eval/episode_distance_from_origin": 27.514726638793945, "eval/episode_forward_reward": 15.648941040039062, "eval/episode_reward": 166.03030395507812, "eval/episode_reward_alive": 169.8046875, "eval/episode_reward_linvel": 15.648941040039062, "eval/episode_reward_quadctrl": -19.423336029052734, "eval/episode_x_position": 2.4066290855407715, "eval/episode_x_velocity": 6.259576320648193, "eval/episode_y_position": 0.9265799522399902, "eval/episode_y_velocity": 3.1771106719970703, "eval/episode_distance_from_origin_std": 6.865565776824951, "eval/episode_forward_reward_std": 13.905436515808105, "eval/episode_reward_std": 40.3779411315918, "eval/episode_reward_alive_std": 40.04588317871094, "eval/episode_reward_linvel_std": 13.905436515808105, "eval/episode_reward_quadctrl_std": 4.643936634063721, "eval/episode_x_position_std": 1.6818296909332275, "eval/episode_x_velocity_std": 5.562174320220947, "eval/episode_y_position_std": 2.1562154293060303, "eval/episode_y_velocity_std": 7.617225646972656, "eval/avg_episode_length": 33.9609375, "eval/epoch_eval_time": 5.82262659072876, "eval/sps": 10991.60301673918, "num_steps": 11520, "_timestamp": 1706307626.9380567, "_runtime": 161.10864567756653, "_step": 9, "training/sps": 705.5083647811222, "training/walltime": 43.20311427116394, "training/entropy_loss": -0.01268818974494934, "training/policy_loss": -0.07102157175540924, "training/total_loss": 6.228873252868652, "training/v_loss": 6.312582969665527, "_wandb": {"runtime": 161}}